{
  "Submit answer 16" : {
    "transaction" : "Submit answer 16",
    "sampleCount" : 300,
    "errorCount" : 0,
    "errorPct" : 0.0,
    "meanResTime" : 5052.276666666667,
    "minResTime" : 2790.0,
    "maxResTime" : 8024.0,
    "pct1ResTime" : 6373.9,
    "pct2ResTime" : 6679.2,
    "pct3ResTime" : 7564.250000000001,
    "throughput" : 9.860960457548565,
    "receivedKBytesPerSec" : 3.7748989251553104,
    "sentKBytesPerSec" : 8.156478034710581
  },
  "Submit answer 15" : {
    "transaction" : "Submit answer 15",
    "sampleCount" : 300,
    "errorCount" : 0,
    "errorPct" : 0.0,
    "meanResTime" : 5046.880000000006,
    "minResTime" : 2947.0,
    "maxResTime" : 8960.0,
    "pct1ResTime" : 6406.9000000000015,
    "pct2ResTime" : 6893.8,
    "pct3ResTime" : 8111.380000000003,
    "throughput" : 9.85545335085414,
    "receivedKBytesPerSec" : 3.77279073587385,
    "sentKBytesPerSec" : 8.15192284001314
  },
  "Submit answer 14" : {
    "transaction" : "Submit answer 14",
    "sampleCount" : 300,
    "errorCount" : 0,
    "errorPct" : 0.0,
    "meanResTime" : 5072.906666666661,
    "minResTime" : 3078.0,
    "maxResTime" : 8507.0,
    "pct1ResTime" : 6439.300000000001,
    "pct2ResTime" : 6942.45,
    "pct3ResTime" : 7645.540000000001,
    "throughput" : 10.15744032503809,
    "receivedKBytesPerSec" : 3.888395124428644,
    "sentKBytesPerSec" : 8.401710893854748
  },
  "Submit answer 13" : {
    "transaction" : "Submit answer 13",
    "sampleCount" : 300,
    "errorCount" : 0,
    "errorPct" : 0.0,
    "meanResTime" : 5063.010000000001,
    "minResTime" : 2935.0,
    "maxResTime" : 10012.0,
    "pct1ResTime" : 6323.3,
    "pct2ResTime" : 6999.65,
    "pct3ResTime" : 8637.380000000001,
    "throughput" : 10.48731035447109,
    "receivedKBytesPerSec" : 4.014673495070964,
    "sentKBytesPerSec" : 8.674562373278333
  },
  "Submit answer 12" : {
    "transaction" : "Submit answer 12",
    "sampleCount" : 300,
    "errorCount" : 0,
    "errorPct" : 0.0,
    "meanResTime" : 4951.293333333335,
    "minResTime" : 3055.0,
    "maxResTime" : 8316.0,
    "pct1ResTime" : 6308.800000000001,
    "pct2ResTime" : 6973.0,
    "pct3ResTime" : 8026.99,
    "throughput" : 11.063170704723975,
    "receivedKBytesPerSec" : 4.235120035402146,
    "sentKBytesPerSec" : 9.140080484566877
  },
  "Submit answer 11" : {
    "transaction" : "Submit answer 11",
    "sampleCount" : 300,
    "errorCount" : 0,
    "errorPct" : 0.0,
    "meanResTime" : 4951.976666666668,
    "minResTime" : 2930.0,
    "maxResTime" : 9327.0,
    "pct1ResTime" : 6170.000000000001,
    "pct2ResTime" : 6872.55,
    "pct3ResTime" : 8062.070000000001,
    "throughput" : 11.028600838173663,
    "receivedKBytesPerSec" : 4.221886258363355,
    "sentKBytesPerSec" : 9.122289951106536
  },
  "Submit answer 10" : {
    "transaction" : "Submit answer 10",
    "sampleCount" : 300,
    "errorCount" : 0,
    "errorPct" : 0.0,
    "meanResTime" : 5028.236666666673,
    "minResTime" : 2904.0,
    "maxResTime" : 10189.0,
    "pct1ResTime" : 6214.6,
    "pct2ResTime" : 6872.149999999999,
    "pct3ResTime" : 8216.950000000003,
    "throughput" : 10.633395952220608,
    "receivedKBytesPerSec" : 4.070596887959451,
    "sentKBytesPerSec" : 8.785012671463509
  },
  "Get quizzes available" : {
    "transaction" : "Get quizzes available",
    "sampleCount" : 300,
    "errorCount" : 0,
    "errorPct" : 0.0,
    "meanResTime" : 3198.1433333333325,
    "minResTime" : 324.0,
    "maxResTime" : 7627.0,
    "pct1ResTime" : 4405.9,
    "pct2ResTime" : 4965.15,
    "pct3ResTime" : 6370.880000000001,
    "throughput" : 27.387255796969143,
    "receivedKBytesPerSec" : 80.34308243563994,
    "sentKBytesPerSec" : 21.10209455450064
  },
  "Login as student" : {
    "transaction" : "Login as student",
    "sampleCount" : 300,
    "errorCount" : 0,
    "errorPct" : 0.0,
    "meanResTime" : 1431.3499999999995,
    "minResTime" : 127.0,
    "maxResTime" : 4709.0,
    "pct1ResTime" : 2532.000000000001,
    "pct2ResTime" : 2769.1499999999987,
    "pct3ResTime" : 4125.690000000001,
    "throughput" : 41.52823920265781,
    "receivedKBytesPerSec" : 52.03196376661129,
    "sentKBytesPerSec" : 5.393804505813954
  },
  "Conclude quiz" : {
    "transaction" : "Conclude quiz",
    "sampleCount" : 300,
    "errorCount" : 0,
    "errorPct" : 0.0,
    "meanResTime" : 3027.69,
    "minResTime" : 95.0,
    "maxResTime" : 7508.0,
    "pct1ResTime" : 5224.500000000003,
    "pct2ResTime" : 5593.0,
    "pct3ResTime" : 6922.59,
    "throughput" : 13.37196344996657,
    "receivedKBytesPerSec" : 5.811058335190551,
    "sentKBytesPerSec" : 10.172616726097615
  },
  "Submit answer 2" : {
    "transaction" : "Submit answer 2",
    "sampleCount" : 300,
    "errorCount" : 0,
    "errorPct" : 0.0,
    "meanResTime" : 5302.840000000004,
    "minResTime" : 2995.0,
    "maxResTime" : 9850.0,
    "pct1ResTime" : 6679.400000000001,
    "pct2ResTime" : 7356.65,
    "pct3ResTime" : 8816.950000000008,
    "throughput" : 11.947431302270013,
    "receivedKBytesPerSec" : 4.573626045400239,
    "sentKBytesPerSec" : 9.858964307048984
  },
  "Submit answer 3" : {
    "transaction" : "Submit answer 3",
    "sampleCount" : 300,
    "errorCount" : 0,
    "errorPct" : 0.0,
    "meanResTime" : 5245.439999999999,
    "minResTime" : 2680.0,
    "maxResTime" : 9253.0,
    "pct1ResTime" : 6590.1,
    "pct2ResTime" : 7018.099999999999,
    "pct3ResTime" : 8344.290000000003,
    "throughput" : 12.424418123084568,
    "receivedKBytesPerSec" : 4.756222562743312,
    "sentKBytesPerSec" : 10.252571595709433
  },
  "Submit answer 4" : {
    "transaction" : "Submit answer 4",
    "sampleCount" : 300,
    "errorCount" : 0,
    "errorPct" : 0.0,
    "meanResTime" : 5194.373333333331,
    "minResTime" : 2899.0,
    "maxResTime" : 8804.0,
    "pct1ResTime" : 6372.300000000001,
    "pct2ResTime" : 6869.45,
    "pct3ResTime" : 8064.660000000002,
    "throughput" : 12.079726192872961,
    "receivedKBytesPerSec" : 4.62427018320918,
    "sentKBytesPerSec" : 9.979930038252466
  },
  "Submit answer 5" : {
    "transaction" : "Submit answer 5",
    "sampleCount" : 300,
    "errorCount" : 0,
    "errorPct" : 0.0,
    "meanResTime" : 5135.386666666665,
    "minResTime" : 2936.0,
    "maxResTime" : 8489.0,
    "pct1ResTime" : 6472.8,
    "pct2ResTime" : 6993.95,
    "pct3ResTime" : 7714.280000000001,
    "throughput" : 12.459506603538498,
    "receivedKBytesPerSec" : 4.769654871667082,
    "sentKBytesPerSec" : 10.293693932220284
  },
  "Login as teacher" : {
    "transaction" : "Login as teacher",
    "sampleCount" : 1,
    "errorCount" : 0,
    "errorPct" : 0.0,
    "meanResTime" : 65.0,
    "minResTime" : 65.0,
    "maxResTime" : 65.0,
    "pct1ResTime" : 65.0,
    "pct2ResTime" : 65.0,
    "pct3ResTime" : 65.0,
    "throughput" : 15.384615384615385,
    "receivedKBytesPerSec" : 19.275841346153847,
    "sentKBytesPerSec" : 1.9981971153846154
  },
  "Submit answer 6" : {
    "transaction" : "Submit answer 6",
    "sampleCount" : 300,
    "errorCount" : 0,
    "errorPct" : 0.0,
    "meanResTime" : 5151.54,
    "minResTime" : 3141.0,
    "maxResTime" : 8699.0,
    "pct1ResTime" : 6280.400000000001,
    "pct2ResTime" : 6639.849999999999,
    "pct3ResTime" : 7942.050000000001,
    "throughput" : 11.951238945103976,
    "receivedKBytesPerSec" : 4.575083658672615,
    "sentKBytesPerSec" : 9.873777487849573
  },
  "Submit answer 7" : {
    "transaction" : "Submit answer 7",
    "sampleCount" : 300,
    "errorCount" : 0,
    "errorPct" : 0.0,
    "meanResTime" : 5398.626666666671,
    "minResTime" : 3241.0,
    "maxResTime" : 9269.0,
    "pct1ResTime" : 6738.5,
    "pct2ResTime" : 7267.299999999999,
    "pct3ResTime" : 8606.560000000001,
    "throughput" : 10.767353384538081,
    "receivedKBytesPerSec" : 4.121877467518484,
    "sentKBytesPerSec" : 8.895684534491423
  },
  "Submit answer 8" : {
    "transaction" : "Submit answer 8",
    "sampleCount" : 300,
    "errorCount" : 0,
    "errorPct" : 0.0,