{
  "Get list of assessments" : {
    "transaction" : "Get list of assessments",
    "sampleCount" : 1,
    "errorCount" : 0,
    "errorPct" : 0.0,
    "meanResTime" : 386.0,
    "minResTime" : 386.0,
    "maxResTime" : 386.0,
    "pct1ResTime" : 386.0,
    "pct2ResTime" : 386.0,
    "pct3ResTime" : 386.0,
    "throughput" : 2.5906735751295336,
    "receivedKBytesPerSec" : 2.4211666126943006,
    "sentKBytesPerSec" : 2.0366135038860103
  },
  "Get list of questions" : {
    "transaction" : "Get list of questions",
    "sampleCount" : 1,
    "errorCount" : 0,
    "errorPct" : 0.0,
    "meanResTime" : 1489.0,
    "minResTime" : 1489.0,
    "maxResTime" : 1489.0,
    "pct1ResTime" : 1489.0,
    "pct2ResTime" : 1489.0,
    "pct3ResTime" : 1489.0,
    "throughput" : 0.671591672263264,
    "receivedKBytesPerSec" : 5.45405893216924,
    "sentKBytesPerSec" : 0.5240251427132303
  },
  "Create assessment" : {
    "transaction" : "Create assessment",
    "sampleCount" : 1,
    "errorCount" : 0,
    "errorPct" : 0.0,
    "meanResTime" : 308.0,
    "minResTime" : 308.0,
    "maxResTime" : 308.0,
    "pct1ResTime" : 308.0,
    "pct2ResTime" : 308.0,
    "pct3ResTime" : 308.0,
    "throughput" : 3.246753246753247,
    "receivedKBytesPerSec" : 2.279702719155844,
    "sentKBytesPerSec" : 3.3450436282467533
  },
  "Create topic" : {
    "transaction" : "Create topic",
    "sampleCount" : 1,
    "errorCount" : 0,
    "errorPct" : 0.0,
    "meanResTime" : 340.0,
    "minResTime" : 340.0,
    "maxResTime" : 340.0,
    "pct1ResTime" : 340.0,
    "pct2ResTime" : 340.0,
    "pct3ResTime" : 340.0,
    "throughput" : 2.941176470588235,
    "receivedKBytesPerSec" : 1.8238740808823528,
    "sentKBytesPerSec" : 2.455767463235294
  },
  "Start quiz" : {
    "transaction" : "Start quiz",
    "sampleCount" : 167,
    "errorCount" : 164,
    "errorPct" : 98.20359,
    "meanResTime" : 13412.407185628745,
    "minResTime" : 207.0,
    "maxResTime" : 41870.0,
    "pct1ResTime" : 23527.400000000005,
    "pct2ResTime" : 27673.999999999993,
    "pct3ResTime" : 41490.56,
    "throughput" : 3.851920193749279,
    "receivedKBytesPerSec" : 13.153714609041634,
    "sentKBytesPerSec" : 0.053991934321300894
  },
  "Create question 1" : {
    "transaction" : "Create question 1",
    "sampleCount" : 1,
    "errorCount" : 0,
    "errorPct" : 0.0,
    "meanResTime" : 550.0,
    "minResTime" : 550.0,
    "maxResTime" : 550.0,
    "pct1ResTime" : 550.0,
    "pct2ResTime" : 550.0,
    "pct3ResTime" : 550.0,
    "throughput" : 1.8181818181818181,
    "receivedKBytesPerSec" : 1.5039062499999998,
    "sentKBytesPerSec" : 2.3277698863636362
  },
  "Create question 4" : {
    "transaction" : "Create question 4",
    "sampleCount" : 1,
    "errorCount" : 0,
    "errorPct" : 0.0,
    "meanResTime" : 505.0,
    "minResTime" : 505.0,
    "maxResTime" : 505.0,
    "pct1ResTime" : 505.0,
    "pct2ResTime" : 505.0,
    "pct3ResTime" : 505.0,
    "throughput" : 1.9801980198019802,
    "receivedKBytesPerSec" : 1.637917698019802,
    "sentKBytesPerSec" : 2.5351949257425743
  },
  "Get list of topics" : {
    "transaction" : "Get list of topics",
    "sampleCount" : 1,
    "errorCount" : 0,
    "errorPct" : 0.0,
    "meanResTime" : 430.0,
    "minResTime" : 430.0,
    "maxResTime" : 430.0,
    "pct1ResTime" : 430.0,
    "pct2ResTime" : 430.0,
    "pct3ResTime" : 430.0,
    "throughput" : 2.3255813953488373,
    "receivedKBytesPerSec" : 1.8713662790697674,
    "sentKBytesPerSec" : 1.8077761627906976
  },
  "Add topic to question 5" : {
    "transaction" : "Add topic to question 5",
    "sampleCount" : 1,
    "errorCount" : 0,
    "errorPct" : 0.0,
    "meanResTime" : 413.0,
    "minResTime" : 413.0,
    "maxResTime" : 413.0,
    "pct1ResTime" : 413.0,
    "pct2ResTime" : 413.0,
    "pct3ResTime" : 413.0,
    "throughput" : 2.4213075060532687,
    "receivedKBytesPerSec" : 1.073509382566586,
    "sentKBytesPerSec" : 2.033519975786925
  },
  "Create question 5" : {
    "transaction" : "Create question 5",
    "sampleCount" : 1,
    "errorCount" : 0,
    "errorPct" : 0.0,
    "meanResTime" : 600.0,
    "minResTime" : 600.0,
    "maxResTime" : 600.0,
    "pct1ResTime" : 600.0,
    "pct2ResTime" : 600.0,
    "pct3ResTime" : 600.0,
    "throughput" : 1.6666666666666667,
    "receivedKBytesPerSec" : 1.3802083333333335,
    "sentKBytesPerSec" : 2.1337890625
  },
  "Create question 2" : {
    "transaction" : "Create question 2",
    "sampleCount" : 1,
    "errorCount" : 0,
    "errorPct" : 0.0,
    "meanResTime" : 458.0,
    "minResTime" : 458.0,
    "maxResTime" : 458.0,
    "pct1ResTime" : 458.0,
    "pct2ResTime" : 458.0,
    "pct3ResTime" : 458.0,
    "throughput" : 2.1834061135371177,
    "receivedKBytesPerSec" : 1.8081331877729256,
    "sentKBytesPerSec" : 2.795356850436681
  },
  "Create question 3" : {
    "transaction" : "Create question 3",
    "sampleCount" : 1,
    "errorCount" : 0,
    "errorPct" : 0.0,
    "meanResTime" : 485.0,
    "minResTime" : 485.0,
    "maxResTime" : 485.0,
    "pct1ResTime" : 485.0,
    "pct2ResTime" : 485.0,
    "pct3ResTime" : 485.0,
    "throughput" : 2.061855670103093,
    "receivedKBytesPerSec" : 1.7074742268041239,
    "sentKBytesPerSec" : 2.6397390463917527
  },
  "Login as student" : {
    "transaction" : "Login as student",
    "sampleCount" : 250,
    "errorCount" : 0,
    "errorPct" : 0.0,
    "meanResTime" : 16174.339999999997,
    "minResTime" : 550.0,
    "maxResTime" : 40921.0,
    "pct1ResTime" : 25386.4,
    "pct2ResTime" : 29778.699999999997,
    "pct3ResTime" : 35638.13000000001,
    "throughput" : 6.068403039056242,
    "receivedKBytesPerSec" : 8.661033418695535,
    "sentKBytesPerSec" : 0.9185571006383959
  },
  "Add topic to question 1" : {
    "transaction" : "Add topic to question 1",
    "sampleCount" : 1,
    "errorCount" : 0,
    "errorPct" : 0.0,
    "meanResTime" : 338.0,
    "minResTime" : 338.0,
    "maxResTime" : 338.0,
    "pct1ResTime" : 338.0,
    "pct2ResTime" : 338.0,
    "pct3ResTime" : 338.0,
    "throughput" : 2.9585798816568047,
    "receivedKBytesPerSec" : 1.3117141272189348,
    "sentKBytesPerSec" : 2.484744822485207
  },
  "Add topic to question 2" : {
    "transaction" : "Add topic to question 2",
    "sampleCount" : 1,
    "errorCount" : 0,
    "errorPct" : 0.0,
    "meanResTime" : 327.0,
    "minResTime" : 327.0,
    "maxResTime" : 327.0,
    "pct1ResTime" : 327.0,
    "pct2ResTime" : 327.0,
    "pct3ResTime" : 327.0,
    "throughput" : 3.058103975535168,
    "receivedKBytesPerSec" : 1.3558390672782874,
    "sentKBytesPerSec" : 2.568329510703364
  },
  "Add topic to question 3" : {
    "transaction" : "Add topic to question 3",
    "sampleCount" : 1,
    "errorCount" : 0,
    "errorPct" : 0.0,
    "meanResTime" : 291.0,
    "minResTime" : 291.0,
    "maxResTime" : 291.0,
    "pct1ResTime" : 291.0,
    "pct2ResTime" : 291.0,
    "pct3ResTime" : 291.0,
    "throughput" : 3.4364261168384878,
    "receivedKBytesPerSec" : 1.5235717353951892,
    "sentKBytesPerSec" : 2.886060996563574
  },
  "Add topic to question 4" : {
    "transaction" : "Add topic to question 4",
    "sampleCount" : 1,
    "errorCount" : 0,
    "errorPct" : 0.0,
    "meanResTime" : 282.0,
    "minResTime" : 282.0,
    "maxResTime" : 282.0,
    "pct1ResTime" : 282.0,
    "pct2ResTime" : 282.0,
    "pct3ResTime" : 282.0,
    "throughput" : 3.5460992907801416,
    "receivedKBytesPerSec" : 1.5721963652482271,
    "sentKBytesPerSec" : 2.978169326241135
  },
  "Login as teacher" : {
    "transaction" : "Login as teacher",
    "sampleCount" : 1,
    "errorCount" : 0,
    "errorPct" : 0.0,
    "meanResTime" : 601.0,
    "minResTime" : 601.0,
    "maxResTime" : 601.0,
    "pct1ResTime" : 601.0,
    "pct2ResTime" : 601.0,
    "pct3ResTime" : 601.0,
    "throughput" : 1.663893510815308,
    "receivedKBytesPerSec" : 2.2261075291181367,
    "sentKBytesPerSec" : 0.25185888103161397
  },
  "Total" : {
    "transaction" : "Total",
    "sampleCount" : 686,
    "errorCount" : 250,