{
  "Submit answer 16" : {
    "transaction" : "Submit answer 16",
    "sampleCount" : 300,
    "errorCount" : 0,
    "errorPct" : 0.0,
    "meanResTime" : 3890.2333333333336,
    "minResTime" : 3148.0,
    "maxResTime" : 4647.0,
    "pct1ResTime" : 4046.9,
    "pct2ResTime" : 4351.999999999997,
    "pct3ResTime" : 4633.47,
    "throughput" : 19.363583553863034,
    "receivedKBytesPerSec" : 7.412621829213193,
    "sentKBytesPerSec" : 16.016557880978507
  },
  "Submit answer 15" : {
    "transaction" : "Submit answer 15",
    "sampleCount" : 300,
    "errorCount" : 0,
    "errorPct" : 0.0,
    "meanResTime" : 3881.9566666666665,
    "minResTime" : 2625.0,
    "maxResTime" : 5154.0,
    "pct1ResTime" : 4008.8,
    "pct2ResTime" : 4498.0,
    "pct3ResTime" : 5099.920000000005,
    "throughput" : 19.522353094292964,
    "receivedKBytesPerSec" : 7.4734007939090255,
    "sentKBytesPerSec" : 16.147883858267715
  },
  "Submit answer 14" : {
    "transaction" : "Submit answer 14",
    "sampleCount" : 300,
    "errorCount" : 0,
    "errorPct" : 0.0,
    "meanResTime" : 3862.2333333333318,
    "minResTime" : 3142.0,
    "maxResTime" : 4627.0,
    "pct1ResTime" : 3981.9,
    "pct2ResTime" : 4400.95,
    "pct3ResTime" : 4558.89,
    "throughput" : 19.707022268935162,
    "receivedKBytesPerSec" : 7.544094462326742,
    "sentKBytesPerSec" : 16.300632677527425
  },
  "Submit answer 13" : {
    "transaction" : "Submit answer 13",
    "sampleCount" : 300,
    "errorCount" : 0,
    "errorPct" : 0.0,
    "meanResTime" : 3804.3133333333335,
    "minResTime" : 3137.0,
    "maxResTime" : 5053.0,
    "pct1ResTime" : 3879.9,
    "pct2ResTime" : 3922.75,
    "pct3ResTime" : 4581.9000000000015,
    "throughput" : 19.65280052407468,
    "receivedKBytesPerSec" : 7.5233377006223385,
    "sentKBytesPerSec" : 16.25578324598755
  },
  "Submit answer 12" : {
    "transaction" : "Submit answer 12",
    "sampleCount" : 300,
    "errorCount" : 0,
    "errorPct" : 0.0,
    "meanResTime" : 3821.8433333333314,
    "minResTime" : 3099.0,
    "maxResTime" : 5087.0,
    "pct1ResTime" : 3981.7000000000003,
    "pct2ResTime" : 4082.45,
    "pct3ResTime" : 4485.64,
    "throughput" : 19.845207382417147,
    "receivedKBytesPerSec" : 7.5969934510815635,
    "sentKBytesPerSec" : 16.395552192895416
  },
  "Submit answer 11" : {
    "transaction" : "Submit answer 11",
    "sampleCount" : 300,
    "errorCount" : 0,
    "errorPct" : 0.0,
    "meanResTime" : 3851.0299999999997,
    "minResTime" : 2983.0,
    "maxResTime" : 5004.0,
    "pct1ResTime" : 4062.9,
    "pct2ResTime" : 4122.9,
    "pct3ResTime" : 4689.680000000001,
    "throughput" : 19.296327265710428,
    "receivedKBytesPerSec" : 7.386875281404772,
    "sentKBytesPerSec" : 15.960926947321026
  },
  "Submit answer 10" : {
    "transaction" : "Submit answer 10",
    "sampleCount" : 300,
    "errorCount" : 0,
    "errorPct" : 0.0,
    "meanResTime" : 3819.3466666666664,
    "minResTime" : 2965.0,
    "maxResTime" : 5025.0,
    "pct1ResTime" : 4058.8,
    "pct2ResTime" : 4333.65,
    "pct3ResTime" : 4630.85,
    "throughput" : 19.13265306122449,
    "receivedKBytesPerSec" : 7.32421875,
    "sentKBytesPerSec" : 15.806859853316327
  },
  "Get quizzes available" : {
    "transaction" : "Get quizzes available",
    "sampleCount" : 300,
    "errorCount" : 0,
    "errorPct" : 0.0,
    "meanResTime" : 2580.1233333333316,
    "minResTime" : 699.0,
    "maxResTime" : 3651.0,
    "pct1ResTime" : 3093.2000000000003,
    "pct2ResTime" : 3229.7,
    "pct3ResTime" : 3636.8900000000003,
    "throughput" : 46.51162790697674,
    "receivedKBytesPerSec" : 119.68568313953487,
    "sentKBytesPerSec" : 35.8375726744186
  },
  "Login as student" : {
    "transaction" : "Login as student",
    "sampleCount" : 300,
    "errorCount" : 0,
    "errorPct" : 0.0,
    "meanResTime" : 911.3666666666668,
    "minResTime" : 63.0,
    "maxResTime" : 2078.0,
    "pct1ResTime" : 1466.8000000000002,
    "pct2ResTime" : 1604.3999999999999,
    "pct3ResTime" : 1932.8100000000002,
    "throughput" : 87.92497069167644,
    "receivedKBytesPerSec" : 110.07794182297773,
    "sentKBytesPerSec" : 11.419942482415006
  },
  "Conclude quiz" : {
    "transaction" : "Conclude quiz",
    "sampleCount" : 300,
    "errorCount" : 0,
    "errorPct" : 0.0,
    "meanResTime" : 3227.41,
    "minResTime" : 501.0,
    "maxResTime" : 5321.0,
    "pct1ResTime" : 3998.6000000000004,
    "pct2ResTime" : 4416.999999999997,
    "pct3ResTime" : 4978.880000000002,
    "throughput" : 27.99552071668533,
    "receivedKBytesPerSec" : 12.166022186450169,
    "sentKBytesPerSec" : 21.297373670212767
  },
  "Submit answer 2" : {
    "transaction" : "Submit answer 2",
    "sampleCount" : 300,
    "errorCount" : 0,
    "errorPct" : 0.0,
    "meanResTime" : 4293.35666666667,
    "minResTime" : 3026.0,
    "maxResTime" : 5712.0,
    "pct1ResTime" : 4677.5,
    "pct2ResTime" : 5081.5999999999985,
    "pct3ResTime" : 5362.960000000001,
    "throughput" : 22.232103156958647,
    "receivedKBytesPerSec" : 8.510726989773232,
    "sentKBytesPerSec" : 18.345827312138727
  },
  "Submit answer 3" : {
    "transaction" : "Submit answer 3",
    "sampleCount" : 300,
    "errorCount" : 0,
    "errorPct" : 0.0,
    "meanResTime" : 3974.1833333333334,
    "minResTime" : 3085.0,
    "maxResTime" : 5288.0,
    "pct1ResTime" : 4433.5,
    "pct2ResTime" : 4673.349999999999,
    "pct3ResTime" : 5056.47,
    "throughput" : 21.258503401360542,
    "receivedKBytesPerSec" : 8.138020833333334,
    "sentKBytesPerSec" : 17.56317761479592
  },
  "Submit answer 4" : {
    "transaction" : "Submit answer 4",
    "sampleCount" : 300,
    "errorCount" : 0,
    "errorPct" : 0.0,
    "meanResTime" : 4397.296666666668,
    "minResTime" : 3039.0,
    "maxResTime" : 7024.0,
    "pct1ResTime" : 4845.9,
    "pct2ResTime" : 5526.049999999999,
    "pct3ResTime" : 5669.89,
    "throughput" : 19.99333555481506,
    "receivedKBytesPerSec" : 7.65369876707764,
    "sentKBytesPerSec" : 16.517931522825723
  },
  "Submit answer 5" : {
    "transaction" : "Submit answer 5",
    "sampleCount" : 300,
    "errorCount" : 0,
    "errorPct" : 0.0,
    "meanResTime" : 4249.706666666668,
    "minResTime" : 2817.0,
    "maxResTime" : 5389.0,
    "pct1ResTime" : 4761.500000000001,
    "pct2ResTime" : 4873.7,
    "pct3ResTime" : 5157.830000000001,
    "throughput" : 19.535065442469232,
    "receivedKBytesPerSec" : 7.478267239695254,
    "sentKBytesPerSec" : 16.13932164485251
  },
  "Login as teacher" : {
    "transaction" : "Login as teacher",
    "sampleCount" : 1,
    "errorCount" : 0,
    "errorPct" : 0.0,
    "meanResTime" : 45.0,
    "minResTime" : 45.0,
    "maxResTime" : 45.0,
    "pct1ResTime" : 45.0,
    "pct2ResTime" : 45.0,
    "pct3ResTime" : 45.0,
    "throughput" : 22.22222222222222,
    "receivedKBytesPerSec" : 27.821180555555557,
    "sentKBytesPerSec" : 2.8862847222222223
  },
  "Submit answer 6" : {
    "transaction" : "Submit answer 6",
    "sampleCount" : 300,
    "errorCount" : 0,
    "errorPct" : 0.0,
    "meanResTime" : 4146.00333333333,
    "minResTime" : 2707.0,
    "maxResTime" : 5194.0,
    "pct1ResTime" : 4394.1,
    "pct2ResTime" : 4808.7,
    "pct3ResTime" : 4959.64,
    "throughput" : 20.820320632937747,
    "receivedKBytesPerSec" : 7.970278992296481,
    "sentKBytesPerSec" : 17.201163335415366
  },
  "Submit answer 7" : {
    "transaction" : "Submit answer 7",
    "sampleCount" : 300,
    "errorCount" : 0,
    "errorPct" : 0.0,
    "meanResTime" : 4039.5100000000034,
    "minResTime" : 3212.0,
    "maxResTime" : 5408.0,
    "pct1ResTime" : 4261.9,
    "pct2ResTime" : 4698.0,
    "pct3ResTime" : 4941.860000000001,
    "throughput" : 19.28268414963363,
    "receivedKBytesPerSec" : 7.3816525260316235,
    "sentKBytesPerSec" : 15.930811318935596
  },
  "Submit answer 8" : {
    "transaction" : "Submit answer 8",
    "sampleCount" : 300,
    "errorCount" : 0,
    "errorPct" : 0.0,
    "meanResTime" : 4078.1400000000012,
    "minResTime" : 2797.0,