{
  "Get list of questions" : {
    "transaction" : "Get list of questions",
    "sampleCount" : 1,
    "errorCount" : 0,
    "errorPct" : 0.0,
    "meanResTime" : 234.0,
    "minResTime" : 234.0,
    "maxResTime" : 234.0,
    "pct1ResTime" : 234.0,
    "pct2ResTime" : 234.0,
    "pct3ResTime" : 234.0,
    "throughput" : 4.273504273504274,
    "receivedKBytesPerSec" : 611.7496327457264,
    "sentKBytesPerSec" : 3.242688301282051
  },
  "Login as teacher" : {
    "transaction" : "Login as teacher",
    "sampleCount" : 1,
    "errorCount" : 0,
    "errorPct" : 0.0,
    "meanResTime" : 774.0,
    "minResTime" : 774.0,
    "maxResTime" : 774.0,
    "pct1ResTime" : 774.0,
    "pct2ResTime" : 774.0,
    "pct3ResTime" : 774.0,
    "throughput" : 1.2919896640826873,
    "receivedKBytesPerSec" : 1.6187722060723513,
    "sentKBytesPerSec" : 0.16780725129198967
  },
  "Create question" : {
    "transaction" : "Create question",
    "sampleCount" : 20,
    "errorCount" : 0,
    "errorPct" : 0.0,
    "meanResTime" : 142.1,
    "minResTime" : 107.0,
    "maxResTime" : 342.0,
    "pct1ResTime" : 174.60000000000002,
    "pct2ResTime" : 333.64999999999986,
    "pct3ResTime" : 342.0,
    "throughput" : 7.012622720897616,
    "receivedKBytesPerSec" : 6.951673167952315,
    "sentKBytesPerSec" : 8.259691663744741
  },
  "Total" : {
    "transaction" : "Total",
    "sampleCount" : 7223,
    "errorCount" : 0,
    "errorPct" : 0.0,
    "meanResTime" : 10891.66080575938,
    "minResTime" : 107.0,
    "maxResTime" : 22822.0,
    "pct1ResTime" : 15515.400000000001,
    "pct2ResTime" : 16622.6,
    "pct3ResTime" : 17962.840000000004,
    "throughput" : 26.78528385429221,
    "receivedKBytesPerSec" : 21.957813867447516,
    "sentKBytesPerSec" : 21.80967975537986
  },
  "Start quiz" : {
    "transaction" : "Start quiz",
    "sampleCount" : 300,
    "errorCount" : 0,
    "errorPct" : 0.0,
    "meanResTime" : 9210.623333333338,
    "minResTime" : 5381.0,
    "maxResTime" : 13689.0,
    "pct1ResTime" : 10988.900000000001,
    "pct2ResTime" : 12159.449999999999,
    "pct3ResTime" : 12572.19,
    "throughput" : 13.66991706916978,
    "receivedKBytesPerSec" : 93.94072026223456,
    "sentKBytesPerSec" : 10.359234028980223
  },
  "Create quiz" : {
    "transaction" : "Create quiz",
    "sampleCount" : 1,
    "errorCount" : 0,
    "errorPct" : 0.0,
    "meanResTime" : 140.0,
    "minResTime" : 140.0,
    "maxResTime" : 140.0,
    "pct1ResTime" : 140.0,
    "pct2ResTime" : 140.0,
    "pct3ResTime" : 140.0,
    "throughput" : 7.142857142857142,
    "receivedKBytesPerSec" : 86.82338169642857,
    "sentKBytesPerSec" : 11.035156249999998
  },
  "Get quizzes available" : {
    "transaction" : "Get quizzes available",
    "sampleCount" : 300,
    "errorCount" : 0,
    "errorPct" : 0.0,
    "meanResTime" : 7676.350000000003,
    "minResTime" : 5810.0,
    "maxResTime" : 10745.0,
    "pct1ResTime" : 8665.9,
    "pct2ResTime" : 8757.5,
    "pct3ResTime" : 9466.990000000005,
    "throughput" : 19.012611699093732,
    "receivedKBytesPerSec" : 55.775278851638255,
    "sentKBytesPerSec" : 14.64936585018062
  },
  "Submit answer" : {
    "transaction" : "Submit answer",
    "sampleCount" : 6000,
    "errorCount" : 0,
    "errorPct" : 0.0,
    "meanResTime" : 11664.881333333327,
    "minResTime" : 7501.0,
    "maxResTime" : 22822.0,
    "pct1ResTime" : 15850.900000000001,
    "pct2ResTime" : 16800.9,
    "pct3ResTime" : 18067.98,
    "throughput" : 24.215029461619178,
    "receivedKBytesPerSec" : 9.269815965776091,
    "sentKBytesPerSec" : 20.702194865404795
  },
  "Login as student" : {
    "transaction" : "Login as student",
    "sampleCount" : 300,
    "errorCount" : 0,
    "errorPct" : 0.0,
    "meanResTime" : 3007.923333333333,
    "minResTime" : 147.0,
    "maxResTime" : 5330.0,
    "pct1ResTime" : 4904.4000000000015,
    "pct2ResTime" : 5094.7,
    "pct3ResTime" : 5277.88,
    "throughput" : 48.13863928112965,
    "receivedKBytesPerSec" : 60.314330271181,
    "sentKBytesPerSec" : 6.252381859756097
  },
  "Conclude quiz" : {
    "transaction" : "Conclude quiz",
    "sampleCount" : 300,
    "errorCount" : 0,
    "errorPct" : 0.0,
    "meanResTime" : 9029.063333333326,
    "minResTime" : 3100.0,
    "maxResTime" : 11985.0,
    "pct1ResTime" : 10368.800000000001,
    "pct2ResTime" : 10521.9,
    "pct3ResTime" : 11868.83,
    "throughput" : 12.919340252357781,
    "receivedKBytesPerSec" : 5.614361730760949,
    "sentKBytesPerSec" : 9.828287164635459
  }
}