{
  "Get list of questions" : {
    "transaction" : "Get list of questions",
    "sampleCount" : 1,
    "errorCount" : 0,
    "errorPct" : 0.0,
    "meanResTime" : 420.0,
    "minResTime" : 420.0,
    "maxResTime" : 420.0,
    "pct1ResTime" : 420.0,
    "pct2ResTime" : 420.0,
    "pct3ResTime" : 420.0,
    "throughput" : 2.3809523809523814,
    "receivedKBytesPerSec" : 9.807477678571429,
    "sentKBytesPerSec" : 1.857793898809524
  },
  "Login as teacher" : {
    "transaction" : "Login as teacher",
    "sampleCount" : 1,
    "errorCount" : 0,
    "errorPct" : 0.0,
    "meanResTime" : 348.0,
    "minResTime" : 348.0,
    "maxResTime" : 348.0,
    "pct1ResTime" : 348.0,
    "pct2ResTime" : 348.0,
    "pct3ResTime" : 348.0,
    "throughput" : 2.8735632183908044,
    "receivedKBytesPerSec" : 3.8304822198275863,
    "sentKBytesPerSec" : 0.4349631824712644
  },
  "Create question" : {
    "transaction" : "Create question",
    "sampleCount" : 20,
    "errorCount" : 0,
    "errorPct" : 0.0,
    "meanResTime" : 130.25,
    "minResTime" : 103.0,
    "maxResTime" : 212.0,
    "pct1ResTime" : 145.5,
    "pct2ResTime" : 208.69999999999996,
    "pct3ResTime" : 212.0,
    "throughput" : 7.607455306200076,
    "receivedKBytesPerSec" : 6.20520219189806,
    "sentKBytesPerSec" : 9.123745958539368
  },
  "Total" : {
    "transaction" : "Total",
    "sampleCount" : 7223,
    "errorCount" : 0,
    "errorPct" : 0.0,
    "meanResTime" : 9944.63934653191,
    "minResTime" : 103.0,
    "maxResTime" : 60735.0,
    "pct1ResTime" : 16273.6,
    "pct2ResTime" : 18642.999999999993,
    "pct3ResTime" : 24212.56,
    "throughput" : 28.485680256816764,
    "receivedKBytesPerSec" : 16.98710607519344,
    "sentKBytesPerSec" : 23.820004887780694
  },
  "Start quiz" : {
    "transaction" : "Start quiz",
    "sampleCount" : 300,
    "errorCount" : 0,
    "errorPct" : 0.0,
    "meanResTime" : 7477.010000000003,
    "minResTime" : 584.0,
    "maxResTime" : 34483.0,
    "pct1ResTime" : 11817.300000000005,
    "pct2ResTime" : 13730.099999999997,
    "pct3ResTime" : 17220.340000000004,
    "throughput" : 3.7122740153193177,
    "receivedKBytesPerSec" : 10.025991718535384,
    "sentKBytesPerSec" : 2.892963539282046
  },
  "Create quiz" : {
    "transaction" : "Create quiz",
    "sampleCount" : 1,
    "errorCount" : 0,
    "errorPct" : 0.0,
    "meanResTime" : 289.0,
    "minResTime" : 289.0,
    "maxResTime" : 289.0,
    "pct1ResTime" : 289.0,
    "pct2ResTime" : 289.0,
    "pct3ResTime" : 289.0,
    "throughput" : 3.4602076124567476,
    "receivedKBytesPerSec" : 11.627514057093427,
    "sentKBytesPerSec" : 5.359266868512111
  },
  "Get quizzes available" : {
    "transaction" : "Get quizzes available",
    "sampleCount" : 300,
    "errorCount" : 0,
    "errorPct" : 0.0,
    "meanResTime" : 5774.393333333326,
    "minResTime" : 468.0,
    "maxResTime" : 22074.0,
    "pct1ResTime" : 9826.000000000002,
    "pct2ResTime" : 11467.749999999996,
    "pct3ResTime" : 21169.690000000046,
    "throughput" : 4.189300526455433,
    "receivedKBytesPerSec" : 3.400042853053302,
    "sentKBytesPerSec" : 3.3178932880423395
  },
  "Submit answer" : {
    "transaction" : "Submit answer",
    "sampleCount" : 6000,
    "errorCount" : 0,
    "errorPct" : 0.0,
    "meanResTime" : 10508.582666666685,
    "minResTime" : 333.0,
    "maxResTime" : 28861.0,
    "pct1ResTime" : 16606.10000000001,
    "pct2ResTime" : 18693.6,
    "pct3ResTime" : 22791.89,
    "throughput" : 24.170644751948757,
    "receivedKBytesPerSec" : 10.71628195057103,
    "sentKBytesPerSec" : 21.19770265574959
  },
  "Login as student" : {
    "transaction" : "Login as student",
    "sampleCount" : 300,
    "errorCount" : 0,
    "errorPct" : 0.0,
    "meanResTime" : 11582.849999999999,
    "minResTime" : 340.0,
    "maxResTime" : 60735.0,
    "pct1ResTime" : 35675.5,
    "pct2ResTime" : 58829.2,
    "pct3ResTime" : 59934.81,
    "throughput" : 4.912636939754695,
    "receivedKBytesPerSec" : 6.548583420669101,
    "sentKBytesPerSec" : 0.7436120367792752
  },
  "Conclude quiz" : {
    "transaction" : "Conclude quiz",
    "sampleCount" : 300,
    "errorCount" : 0,
    "errorPct" : 0.0,
    "meanResTime" : 4415.653333333333,
    "minResTime" : 119.0,
    "maxResTime" : 13295.0,
    "pct1ResTime" : 7448.000000000003,
    "pct2ResTime" : 8965.15,
    "pct3ResTime" : 13133.810000000009,
    "throughput" : 4.732906320007573,
    "receivedKBytesPerSec" : 2.6576378261761273,
    "sentKBytesPerSec" : 3.7022050413340484
  }
}