{
  "Submit answer 16" : {
    "transaction" : "Submit answer 16",
    "sampleCount" : 500,
    "errorCount" : 0,
    "errorPct" : 0.0,
    "meanResTime" : 1802.3080000000004,
    "minResTime" : 316.0,
    "maxResTime" : 2996.0,
    "pct1ResTime" : 2222.0,
    "pct2ResTime" : 2354.85,
    "pct3ResTime" : 2664.170000000001,
    "throughput" : 38.47041624990383,
    "receivedKBytesPerSec" : 14.726956220666308,
    "sentKBytesPerSec" : 31.82074469108256
  },
  "Submit answer 15" : {
    "transaction" : "Submit answer 15",
    "sampleCount" : 500,
    "errorCount" : 0,
    "errorPct" : 0.0,
    "meanResTime" : 1856.7119999999986,
    "minResTime" : 426.0,
    "maxResTime" : 2770.0,
    "pct1ResTime" : 2215.7000000000003,
    "pct2ResTime" : 2372.5499999999997,
    "pct3ResTime" : 2589.9700000000003,
    "throughput" : 43.43671270958214,
    "receivedKBytesPerSec" : 16.628116584136915,
    "sentKBytesPerSec" : 35.92860904786726
  },
  "Submit answer 14" : {
    "transaction" : "Submit answer 14",
    "sampleCount" : 500,
    "errorCount" : 0,
    "errorPct" : 0.0,
    "meanResTime" : 1906.6159999999993,
    "minResTime" : 381.0,
    "maxResTime" : 3358.0,
    "pct1ResTime" : 2309.9000000000005,
    "pct2ResTime" : 2443.3499999999995,
    "pct3ResTime" : 2844.3700000000017,
    "throughput" : 42.90372404324695,
    "receivedKBytesPerSec" : 16.424081860305474,
    "sentKBytesPerSec" : 35.44585013729192
  },
  "Submit answer 13" : {
    "transaction" : "Submit answer 13",
    "sampleCount" : 500,
    "errorCount" : 0,
    "errorPct" : 0.0,
    "meanResTime" : 1956.4060000000013,
    "minResTime" : 675.0,
    "maxResTime" : 2995.0,
    "pct1ResTime" : 2381.4,
    "pct2ResTime" : 2518.85,
    "pct3ResTime" : 2834.3900000000003,
    "throughput" : 41.342814618819254,
    "receivedKBytesPerSec" : 15.826546221266744,
    "sentKBytesPerSec" : 34.1966445138085
  },
  "Submit answer 12" : {
    "transaction" : "Submit answer 12",
    "sampleCount" : 500,
    "errorCount" : 0,
    "errorPct" : 0.0,
    "meanResTime" : 1980.9479999999996,
    "minResTime" : 458.0,
    "maxResTime" : 3117.0,
    "pct1ResTime" : 2393.8,
    "pct2ResTime" : 2589.5499999999997,
    "pct3ResTime" : 2928.6100000000006,
    "throughput" : 41.83400267737617,
    "receivedKBytesPerSec" : 16.014579149933066,
    "sentKBytesPerSec" : 34.60292994896252
  },
  "Submit answer 11" : {
    "transaction" : "Submit answer 11",
    "sampleCount" : 500,
    "errorCount" : 0,
    "errorPct" : 0.0,
    "meanResTime" : 2028.9760000000024,
    "minResTime" : 335.0,
    "maxResTime" : 3860.0,
    "pct1ResTime" : 2422.8,
    "pct2ResTime" : 2577.95,
    "pct3ResTime" : 2951.4500000000016,
    "throughput" : 44.255620463798905,
    "receivedKBytesPerSec" : 16.941604708798017,
    "sentKBytesPerSec" : 36.605967317224284
  },
  "Submit answer 10" : {
    "transaction" : "Submit answer 10",
    "sampleCount" : 500,
    "errorCount" : 0,
    "errorPct" : 0.0,
    "meanResTime" : 2089.0139999999983,
    "minResTime" : 451.0,
    "maxResTime" : 3596.0,
    "pct1ResTime" : 2522.8,
    "pct2ResTime" : 2684.2999999999997,
    "pct3ResTime" : 2954.86,
    "throughput" : 45.08566275924257,
    "receivedKBytesPerSec" : 17.259355275022543,
    "sentKBytesPerSec" : 37.2485065374211
  },
  "Get quizzes available" : {
    "transaction" : "Get quizzes available",
    "sampleCount" : 500,
    "errorCount" : 0,
    "errorPct" : 0.0,
    "meanResTime" : 2209.6280000000006,
    "minResTime" : 414.0,
    "maxResTime" : 3533.0,
    "pct1ResTime" : 2954.5,
    "pct2ResTime" : 3137.7,
    "pct3ResTime" : 3453.98,
    "throughput" : 63.275120222728425,
    "receivedKBytesPerSec" : 94.41834345735256,
    "sentKBytesPerSec" : 48.75397446848899
  },
  "Login as student" : {
    "transaction" : "Login as student",
    "sampleCount" : 500,
    "errorCount" : 0,
    "errorPct" : 0.0,
    "meanResTime" : 1304.020000000001,
    "minResTime" : 78.0,
    "maxResTime" : 3238.0,
    "pct1ResTime" : 2050.8,
    "pct2ResTime" : 2297.85,
    "pct3ResTime" : 2857.020000000002,
    "throughput" : 95.63886763580719,
    "receivedKBytesPerSec" : 119.64198187643458,
    "sentKBytesPerSec" : 12.421845112853864
  },
  "Conclude quiz" : {
    "transaction" : "Conclude quiz",
    "sampleCount" : 500,
    "errorCount" : 0,
    "errorPct" : 0.0,
    "meanResTime" : 1242.8960000000002,
    "minResTime" : 32.0,
    "maxResTime" : 2420.0,
    "pct1ResTime" : 1917.8000000000002,
    "pct2ResTime" : 2053.8,
    "pct3ResTime" : 2245.8500000000004,
    "throughput" : 64.28387760349705,
    "receivedKBytesPerSec" : 27.93586477886346,
    "sentKBytesPerSec" : 48.9034576690666
  },
  "Submit answer 2" : {
    "transaction" : "Submit answer 2",
    "sampleCount" : 500,
    "errorCount" : 0,
    "errorPct" : 0.0,
    "meanResTime" : 2296.055999999998,
    "minResTime" : 672.0,
    "maxResTime" : 3755.0,
    "pct1ResTime" : 2804.3,
    "pct2ResTime" : 2996.65,
    "pct3ResTime" : 3381.6400000000003,
    "throughput" : 52.38893545683151,
    "receivedKBytesPerSec" : 20.055139354568315,
    "sentKBytesPerSec" : 43.231103965842415
  },
  "Submit answer 3" : {
    "transaction" : "Submit answer 3",
    "sampleCount" : 500,
    "errorCount" : 0,
    "errorPct" : 0.0,
    "meanResTime" : 2178.597999999998,
    "minResTime" : 504.0,
    "maxResTime" : 3388.0,
    "pct1ResTime" : 2567.9,
    "pct2ResTime" : 2748.95,
    "pct3ResTime" : 3003.88,
    "throughput" : 53.00540655146825,
    "receivedKBytesPerSec" : 20.29113219548394,
    "sentKBytesPerSec" : 43.73981302342839
  },
  "Submit answer 4" : {
    "transaction" : "Submit answer 4",
    "sampleCount" : 500,
    "errorCount" : 0,
    "errorPct" : 0.0,
    "meanResTime" : 2110.3460000000027,
    "minResTime" : 292.0,
    "maxResTime" : 3672.0,
    "pct1ResTime" : 2545.4,
    "pct2ResTime" : 2670.7,
    "pct3ResTime" : 2930.84,
    "throughput" : 51.711655807218946,
    "receivedKBytesPerSec" : 19.795868238701,
    "sentKBytesPerSec" : 42.722715637604715
  },
  "Submit answer 5" : {
    "transaction" : "Submit answer 5",
    "sampleCount" : 500,
    "errorCount" : 0,
    "errorPct" : 0.0,
    "meanResTime" : 2168.9239999999977,
    "minResTime" : 422.0,
    "maxResTime" : 3234.0,
    "pct1ResTime" : 2658.5,
    "pct2ResTime" : 2832.8,
    "pct3ResTime" : 3074.79,
    "throughput" : 51.594262717985764,
    "receivedKBytesPerSec" : 19.750928696728923,
    "sentKBytesPerSec" : 42.62572876896089
  },
  "Login as teacher" : {
    "transaction" : "Login as teacher",
    "sampleCount" : 1,
    "errorCount" : 0,
    "errorPct" : 0.0,
    "meanResTime" : 243.0,
    "minResTime" : 243.0,
    "maxResTime" : 243.0,
    "pct1ResTime" : 243.0,
    "pct2ResTime" : 243.0,
    "pct3ResTime" : 243.0,
    "throughput" : 4.11522633744856,
    "receivedKBytesPerSec" : 5.148051697530864,
    "sentKBytesPerSec" : 0.5344971707818931
  },
  "Submit answer 6" : {
    "transaction" : "Submit answer 6",
    "sampleCount" : 500,
    "errorCount" : 0,
    "errorPct" : 0.0,
    "meanResTime" : 2150.1299999999983,
    "minResTime" : 298.0,
    "maxResTime" : 3256.0,
    "pct1ResTime" : 2551.5,
    "pct2ResTime" : 2698.9,
    "pct3ResTime" : 2966.8900000000003,
    "throughput" : 43.45558838866678,
    "receivedKBytesPerSec" : 16.635342430036502,
    "sentKBytesPerSec" : 35.90178493829306
  },
  "Submit answer 7" : {
    "transaction" : "Submit answer 7",
    "sampleCount" : 500,
    "errorCount" : 0,
    "errorPct" : 0.0,
    "meanResTime" : 2089.7439999999997,
    "minResTime" : 444.0,
    "maxResTime" : 4015.0,
    "pct1ResTime" : 2522.8,
    "pct2ResTime" : 2688.0,
    "pct3ResTime" : 3070.7700000000013,
    "throughput" : 42.444821731748725,
    "receivedKBytesPerSec" : 16.24840831918506,
    "sentKBytesPerSec" : 35.06671795415959
  },
  "Submit answer 8" : {
    "transaction" : "Submit answer 8",
    "sampleCount" : 500,
    "errorCount" : 0,
    "errorPct" : 0.0,
    "meanResTime" : 2140.822000000001,
    "minResTime" : 553.0,
    "maxResTime" : 3137.0,