{
  "Get list of questions" : {
    "transaction" : "Get list of questions",
    "sampleCount" : 1,
    "errorCount" : 0,
    "errorPct" : 0.0,
    "meanResTime" : 297.0,
    "minResTime" : 297.0,
    "maxResTime" : 297.0,
    "pct1ResTime" : 297.0,
    "pct2ResTime" : 297.0,
    "pct3ResTime" : 297.0,
    "throughput" : 3.3670033670033668,
    "receivedKBytesPerSec" : 11.623395412457914,
    "sentKBytesPerSec" : 2.6271832912457915
  },
  "Login as teacher" : {
    "transaction" : "Login as teacher",
    "sampleCount" : 1,
    "errorCount" : 0,
    "errorPct" : 0.0,
    "meanResTime" : 311.0,
    "minResTime" : 311.0,
    "maxResTime" : 311.0,
    "pct1ResTime" : 311.0,
    "pct2ResTime" : 311.0,
    "pct3ResTime" : 311.0,
    "throughput" : 3.215434083601286,
    "receivedKBytesPerSec" : 4.286198754019293,
    "sentKBytesPerSec" : 0.48671121382636656
  },
  "Create question" : {
    "transaction" : "Create question",
    "sampleCount" : 20,
    "errorCount" : 0,
    "errorPct" : 0.0,
    "meanResTime" : 111.80000000000001,
    "minResTime" : 87.0,
    "maxResTime" : 172.0,
    "pct1ResTime" : 163.9000000000001,
    "pct2ResTime" : 171.85,
    "pct3ResTime" : 172.0,
    "throughput" : 8.861320336730172,
    "receivedKBytesPerSec" : 7.226649036331413,
    "sentKBytesPerSec" : 10.62752686087727
  },
  "Total" : {
    "transaction" : "Total",
    "sampleCount" : 7017,
    "errorCount" : 178,
    "errorPct" : 2.5366967,
    "meanResTime" : 8427.41157189684,
    "minResTime" : 87.0,
    "maxResTime" : 130489.0,
    "pct1ResTime" : 11668.2,
    "pct2ResTime" : 13205.3,
    "pct3ResTime" : 17561.499999999993,
    "throughput" : 34.3920011762976,
    "receivedKBytesPerSec" : 21.419175105989314,
    "sentKBytesPerSec" : 28.07993635280351
  },
  "Start quiz" : {
    "transaction" : "Start quiz",
    "sampleCount" : 300,
    "errorCount" : 0,
    "errorPct" : 0.0,
    "meanResTime" : 9934.940000000002,
    "minResTime" : 970.0,
    "maxResTime" : 25276.0,
    "pct1ResTime" : 14365.800000000001,
    "pct2ResTime" : 17016.899999999994,
    "pct3ResTime" : 22032.090000000004,
    "throughput" : 5.30194581411378,
    "receivedKBytesPerSec" : 6.943219059832459,
    "sentKBytesPerSec" : 4.136967485817295
  },
  "Create quiz" : {
    "transaction" : "Create quiz",
    "sampleCount" : 1,
    "errorCount" : 0,
    "errorPct" : 0.0,
    "meanResTime" : 260.0,
    "minResTime" : 260.0,
    "maxResTime" : 260.0,
    "pct1ResTime" : 260.0,
    "pct2ResTime" : 260.0,
    "pct3ResTime" : 260.0,
    "throughput" : 3.8461538461538463,
    "receivedKBytesPerSec" : 6.092247596153846,
    "sentKBytesPerSec" : 5.95703125
  },
  "Get quizzes available" : {
    "transaction" : "Get quizzes available",
    "sampleCount" : 300,
    "errorCount" : 0,
    "errorPct" : 0.0,
    "meanResTime" : 7206.590000000004,
    "minResTime" : 465.0,
    "maxResTime" : 24764.0,
    "pct1ResTime" : 12651.2,
    "pct2ResTime" : 16206.149999999994,
    "pct3ResTime" : 20030.32,
    "throughput" : 6.540222367560497,
    "receivedKBytesPerSec" : 6.075785678275562,
    "sentKBytesPerSec" : 5.186191955526488
  },
  "Submit answer" : {
    "transaction" : "Submit answer",
    "sampleCount" : 5899,
    "errorCount" : 105,
    "errorPct" : 1.7799627,
    "meanResTime" : 8602.139684692278,
    "minResTime" : 147.0,
    "maxResTime" : 130489.0,
    "pct1ResTime" : 11531.0,
    "pct2ResTime" : 12896.0,
    "pct3ResTime" : 15989.0,
    "throughput" : 29.67512802712465,
    "receivedKBytesPerSec" : 14.73756738559305,
    "sentKBytesPerSec" : 25.604162382851406
  },
  "Login as student" : {
    "transaction" : "Login as student",
    "sampleCount" : 300,
    "errorCount" : 0,
    "errorPct" : 0.0,
    "meanResTime" : 7079.326666666667,
    "minResTime" : 343.0,
    "maxResTime" : 36166.0,
    "pct1ResTime" : 15560.800000000001,
    "pct2ResTime" : 21344.699999999975,
    "pct3ResTime" : 30514.030000000006,
    "throughput" : 8.095199546668825,
    "receivedKBytesPerSec" : 11.522088300075556,
    "sentKBytesPerSec" : 1.225347587630535
  },
  "Conclude quiz" : {
    "transaction" : "Conclude quiz",
    "sampleCount" : 195,
    "errorCount" : 73,
    "errorPct" : 37.435898,
    "meanResTime" : 5752.635897435894,
    "minResTime" : 245.0,
    "maxResTime" : 13017.0,
    "pct1ResTime" : 10081.0,
    "pct2ResTime" : 10825.199999999993,
    "pct3ResTime" : 12704.999999999998,
    "throughput" : 5.180521240137084,
    "receivedKBytesPerSec" : 8.48253276015515,
    "sentKBytesPerSec" : 2.5384761629606016
  }
}