{
  "Get list of questions" : {
    "transaction" : "Get list of questions",
    "sampleCount" : 1,
    "errorCount" : 0,
    "errorPct" : 0.0,
    "meanResTime" : 498.0,
    "minResTime" : 498.0,
    "maxResTime" : 498.0,
    "pct1ResTime" : 498.0,
    "pct2ResTime" : 498.0,
    "pct3ResTime" : 498.0,
    "throughput" : 2.008032128514056,
    "receivedKBytesPerSec" : 8.80867218875502,
    "sentKBytesPerSec" : 1.5668141315261044
  },
  "Start quiz" : {
    "transaction" : "Start quiz",
    "sampleCount" : 300,
    "errorCount" : 0,
    "errorPct" : 0.0,
    "meanResTime" : 20935.180000000008,
    "minResTime" : 3118.0,
    "maxResTime" : 42891.0,
    "pct1ResTime" : 28986.400000000023,
    "pct2ResTime" : 32364.199999999993,
    "pct3ResTime" : 39578.22,
    "throughput" : 3.1329302296437858,
    "receivedKBytesPerSec" : 4.098835463725889,
    "sentKBytesPerSec" : 2.4414827375544346
  },
  "Get quizzes available" : {
    "transaction" : "Get quizzes available",
    "sampleCount" : 300,
    "errorCount" : 0,
    "errorPct" : 0.0,
    "meanResTime" : 13590.920000000004,
    "minResTime" : 542.0,
    "maxResTime" : 36131.0,
    "pct1ResTime" : 20495.9,
    "pct2ResTime" : 23007.449999999997,
    "pct3ResTime" : 30528.330000000024,
    "throughput" : 5.2567944067707515,
    "receivedKBytesPerSec" : 4.132316116236486,
    "sentKBytesPerSec" : 4.163340101456132
  },
  "Login as student" : {
    "transaction" : "Login as student",
    "sampleCount" : 300,
    "errorCount" : 0,
    "errorPct" : 0.0,
    "meanResTime" : 8115.423333333331,
    "minResTime" : 628.0,
    "maxResTime" : 21422.0,
    "pct1ResTime" : 14990.7,
    "pct2ResTime" : 17814.85,
    "pct3ResTime" : 20630.110000000008,
    "throughput" : 13.892104653855059,
    "receivedKBytesPerSec" : 18.545417052558463,
    "sentKBytesPerSec" : 2.1028088099097015
  },
  "Submit answer 2" : {
    "transaction" : "Submit answer 2",
    "sampleCount" : 300,
    "errorCount" : 0,
    "errorPct" : 0.0,
    "meanResTime" : 27081.136666666647,
    "minResTime" : 9403.0,
    "maxResTime" : 52455.0,
    "pct1ResTime" : 35482.600000000006,
    "pct2ResTime" : 39646.95,
    "pct3ResTime" : 51700.02000000004,
    "throughput" : 2.3920965131206495,
    "receivedKBytesPerSec" : 1.0605584149968503,
    "sentKBytesPerSec" : 2.025339528198831
  },
  "Submit answer 3" : {
    "transaction" : "Submit answer 3",
    "sampleCount" : 300,
    "errorCount" : 0,
    "errorPct" : 0.0,
    "meanResTime" : 25454.706666666665,
    "minResTime" : 8973.0,
    "maxResTime" : 46203.0,
    "pct1ResTime" : 34195.0,
    "pct2ResTime" : 35483.299999999996,
    "pct3ResTime" : 39373.87,
    "throughput" : 2.5849812588858727,
    "receivedKBytesPerSec" : 1.146075675326354,
    "sentKBytesPerSec" : 2.1911755202274783
  },
  "Submit answer 4" : {
    "transaction" : "Submit answer 4",
    "sampleCount" : 300,
    "errorCount" : 1,
    "errorPct" : 0.33333334,
    "meanResTime" : 26399.220000000012,
    "minResTime" : 12805.0,
    "maxResTime" : 60092.0,
    "pct1ResTime" : 35343.400000000016,
    "pct2ResTime" : 40132.849999999984,
    "pct3ResTime" : 45999.920000000006,
    "throughput" : 2.305989423195179,
    "receivedKBytesPerSec" : 1.0241760771853092,
    "sentKBytesPerSec" : 1.9546863470052884
  },
  "Submit answer 5" : {
    "transaction" : "Submit answer 5",
    "sampleCount" : 279,
    "errorCount" : 119,
    "errorPct" : 42.65233,
    "meanResTime" : 19567.706093189972,
    "minResTime" : 489.0,
    "maxResTime" : 44784.0,
    "pct1ResTime" : 28685.0,
    "pct2ResTime" : 29536.0,
    "pct3ResTime" : 33932.79999999997,
    "throughput" : 3.5048930316696607,
    "receivedKBytesPerSec" : 6.060581004327727,
    "sentKBytesPerSec" : 1.7037674459505296
  },
  "Login as teacher" : {
    "transaction" : "Login as teacher",
    "sampleCount" : 1,
    "errorCount" : 0,
    "errorPct" : 0.0,
    "meanResTime" : 530.0,
    "minResTime" : 530.0,
    "maxResTime" : 530.0,
    "pct1ResTime" : 530.0,
    "pct2ResTime" : 530.0,
    "pct3ResTime" : 530.0,
    "throughput" : 1.8867924528301887,
    "receivedKBytesPerSec" : 2.518794221698113,
    "sentKBytesPerSec" : 0.28559846698113206
  },
  "Submit answer 6" : {
    "transaction" : "Submit answer 6",
    "sampleCount" : 160,
    "errorCount" : 119,
    "errorPct" : 74.375,
    "meanResTime" : 15308.075,
    "minResTime" : 45.0,
    "maxResTime" : 44556.0,
    "pct1ResTime" : 25742.2,
    "pct2ResTime" : 28917.9,
    "pct3ResTime" : 39211.78999999988,
    "throughput" : 2.6534436723660426,
    "receivedKBytesPerSec" : 7.109557683377834,
    "sentKBytesPerSec" : 0.5763595789316572
  },
  "Submit answer 7" : {
    "transaction" : "Submit answer 7",
    "sampleCount" : 41,
    "errorCount" : 35,
    "errorPct" : 85.36585,
    "meanResTime" : 11456.463414634145,
    "minResTime" : 402.0,
    "maxResTime" : 33034.0,
    "pct1ResTime" : 24288.400000000012,
    "pct2ResTime" : 28823.899999999998,
    "pct3ResTime" : 33034.0,
    "throughput" : 1.1515883492964076,
    "receivedKBytesPerSec" : 3.433809124231104,
    "sentKBytesPerSec" : 0.14285137488413896
  },
  "Create question" : {
    "transaction" : "Create question",
    "sampleCount" : 20,
    "errorCount" : 0,
    "errorPct" : 0.0,
    "meanResTime" : 232.79999999999998,
    "minResTime" : 197.0,
    "maxResTime" : 295.0,
    "pct1ResTime" : 281.40000000000003,
    "pct2ResTime" : 294.45,
    "pct3ResTime" : 295.0,
    "throughput" : 4.2753313381787095,
    "receivedKBytesPerSec" : 3.4874846355280034,
    "sentKBytesPerSec" : 5.127475016032492
  },
  "Submit answer 8" : {
    "transaction" : "Submit answer 8",
    "sampleCount" : 6,
    "errorCount" : 6,
    "errorPct" : 100.0,
    "meanResTime" : 5381.333333333334,
    "minResTime" : 989.0,
    "maxResTime" : 9953.0,
    "pct1ResTime" : 9953.0,
    "pct2ResTime" : 9953.0,
    "pct3ResTime" : 9953.0,
    "throughput" : 0.5908419497784342,
    "receivedKBytesPerSec" : 2.0431360782865586,
    "sentKBytesPerSec" : 0.0
  },
  "Total" : {
    "transaction" : "Total",
    "sampleCount" : 2908,
    "errorCount" : 300,
    "errorPct" : 10.316369,
    "meanResTime" : 20586.90990371394,
    "minResTime" : 45.0,
    "maxResTime" : 60092.0,
    "pct1ResTime" : 31319.3,
    "pct2ResTime" : 35077.45,
    "pct3ResTime" : 42415.169999999955,
    "throughput" : 14.095635103366375,
    "receivedKBytesPerSec" : 13.725809481108067,
    "sentKBytesPerSec" : 9.556684505344029
  },
  "Submit null answer 4" : {
    "transaction" : "Submit null answer 4",
    "sampleCount" : 299,
    "errorCount" : 20,
    "errorPct" : 6.6889634,
    "meanResTime" : 24709.367892976577,
    "minResTime" : 12703.0,
    "maxResTime" : 46105.0,
    "pct1ResTime" : 32911.0,
    "pct2ResTime" : 36423.0,
    "pct3ResTime" : 41155.0,
    "throughput" : 2.7734490946868506,
    "receivedKBytesPerSec" : 1.7888971307787918,
    "sentKBytesPerSec" : 2.1886239599565895
  },
  "Create quiz" : {
    "transaction" : "Create quiz",
    "sampleCount" : 1,
    "errorCount" : 0,
    "errorPct" : 0.0,
    "meanResTime" : 338.0,
    "minResTime" : 338.0,
    "maxResTime" : 338.0,
    "pct1ResTime" : 338.0,
    "pct2ResTime" : 338.0,
    "pct3ResTime" : 338.0,
    "throughput" : 2.9585798816568047,
    "receivedKBytesPerSec" : 4.721015162721893,
    "sentKBytesPerSec" : 4.634338017751479
  },
  "Submit answer 1" : {
    "transaction" : "Submit answer 1",
    "sampleCount" : 300,
    "errorCount" : 0,
    "errorPct" : 0.0,
    "meanResTime" : 25296.5,
    "minResTime" : 9191.0,
    "maxResTime" : 52238.0,
    "pct1ResTime" : 34006.5,
    "pct2ResTime" : 37874.6,
    "pct3ResTime" : 46453.48000000001,
    "throughput" : 2.4330702914007185,
    "receivedKBytesPerSec" : 1.0787245237264904,
    "sentKBytesPerSec" : 2.0624072391951405
  }
}