{
  "Get list of questions" : {
    "transaction" : "Get list of questions",
    "sampleCount" : 1,
    "errorCount" : 0,
    "errorPct" : 0.0,
    "meanResTime" : 292.0,
    "minResTime" : 292.0,
    "maxResTime" : 292.0,
    "pct1ResTime" : 292.0,
    "pct2ResTime" : 292.0,
    "pct3ResTime" : 292.0,
    "throughput" : 3.4246575342465753,
    "receivedKBytesPerSec" : 11.956201840753426,
    "sentKBytesPerSec" : 2.6721693065068495
  },
  "Login as teacher" : {
    "transaction" : "Login as teacher",
    "sampleCount" : 1,
    "errorCount" : 0,
    "errorPct" : 0.0,
    "meanResTime" : 711.0,
    "minResTime" : 711.0,
    "maxResTime" : 711.0,
    "pct1ResTime" : 711.0,
    "pct2ResTime" : 711.0,
    "pct3ResTime" : 711.0,
    "throughput" : 1.4064697609001406,
    "receivedKBytesPerSec" : 1.8748351793248945,
    "sentKBytesPerSec" : 0.21289337201125177
  },
  "Create question" : {
    "transaction" : "Create question",
    "sampleCount" : 20,
    "errorCount" : 0,
    "errorPct" : 0.0,
    "meanResTime" : 110.14999999999999,
    "minResTime" : 76.0,
    "maxResTime" : 208.0,
    "pct1ResTime" : 150.80000000000004,
    "pct2ResTime" : 205.24999999999994,
    "pct3ResTime" : 208.0,
    "throughput" : 8.980691513246521,
    "receivedKBytesPerSec" : 7.324438005163898,
    "sentKBytesPerSec" : 10.770690671306692
  },
  "Total" : {
    "transaction" : "Total",
    "sampleCount" : 7223,
    "errorCount" : 0,
    "errorPct" : 0.0,
    "meanResTime" : 8172.77654714107,
    "minResTime" : 76.0,
    "maxResTime" : 77278.0,
    "pct1ResTime" : 11905.6,
    "pct2ResTime" : 13612.599999999999,
    "pct3ResTime" : 20081.000000000007,
    "throughput" : 34.2715341766386,
    "receivedKBytesPerSec" : 19.08655676771463,
    "sentKBytesPerSec" : 28.702674913289172
  },
  "Start quiz" : {
    "transaction" : "Start quiz",
    "sampleCount" : 300,
    "errorCount" : 0,
    "errorPct" : 0.0,
    "meanResTime" : 9040.546666666667,
    "minResTime" : 695.0,
    "maxResTime" : 22812.0,
    "pct1ResTime" : 14424.000000000005,
    "pct2ResTime" : 16902.999999999993,
    "pct3ResTime" : 21055.68,
    "throughput" : 4.718984474541079,
    "receivedKBytesPerSec" : 7.297758949357432,
    "sentKBytesPerSec" : 3.6820982374592988
  },
  "Create quiz" : {
    "transaction" : "Create quiz",
    "sampleCount" : 1,
    "errorCount" : 0,
    "errorPct" : 0.0,
    "meanResTime" : 356.0,
    "minResTime" : 356.0,
    "maxResTime" : 356.0,
    "pct1ResTime" : 356.0,
    "pct2ResTime" : 356.0,
    "pct3ResTime" : 356.0,
    "throughput" : 2.8089887640449436,
    "receivedKBytesPerSec" : 5.291542310393258,
    "sentKBytesPerSec" : 4.350640800561798
  },
  "Get quizzes available" : {
    "transaction" : "Get quizzes available",
    "sampleCount" : 300,
    "errorCount" : 0,
    "errorPct" : 0.0,
    "meanResTime" : 6796.843333333333,
    "minResTime" : 442.0,
    "maxResTime" : 42134.0,
    "pct1ResTime" : 12366.900000000007,
    "pct2ResTime" : 14587.999999999993,
    "pct3ResTime" : 31386.490000000096,
    "throughput" : 5.79687741536559,
    "receivedKBytesPerSec" : 5.412683326248261,
    "sentKBytesPerSec" : 4.596742637965682
  },
  "Submit answer" : {
    "transaction" : "Submit answer",
    "sampleCount" : 6000,
    "errorCount" : 0,
    "errorPct" : 0.0,
    "meanResTime" : 8464.379166666653,
    "minResTime" : 135.0,
    "maxResTime" : 77278.0,
    "pct1ResTime" : 11831.600000000002,
    "pct2ResTime" : 13447.9,
    "pct3ResTime" : 18731.85999999993,
    "throughput" : 29.205607476635514,
    "receivedKBytesPerSec" : 12.94857987733645,
    "sentKBytesPerSec" : 25.65473039573598
  },
  "Login as student" : {
    "transaction" : "Login as student",
    "sampleCount" : 300,
    "errorCount" : 0,
    "errorPct" : 0.0,
    "meanResTime" : 6696.953333333337,
    "minResTime" : 381.0,
    "maxResTime" : 46744.0,
    "pct1ResTime" : 13034.7,
    "pct2ResTime" : 20061.7,
    "pct3ResTime" : 35044.75,
    "throughput" : 6.310342651605982,
    "receivedKBytesPerSec" : 8.98075559122652,
    "sentKBytesPerSec" : 0.9551788193348899
  },
  "Conclude quiz" : {
    "transaction" : "Conclude quiz",
    "sampleCount" : 300,
    "errorCount" : 0,
    "errorPct" : 0.0,
    "meanResTime" : 4939.416666666664,
    "minResTime" : 96.0,
    "maxResTime" : 12350.0,
    "pct1ResTime" : 8580.100000000004,
    "pct2ResTime" : 9853.699999999999,
    "pct3ResTime" : 11292.150000000001,
    "throughput" : 5.543339677377631,
    "receivedKBytesPerSec" : 3.112715150871228,
    "sentKBytesPerSec" : 4.341560958258652
  }
}