{
  "Get list of questions" : {
    "transaction" : "Get list of questions",
    "sampleCount" : 1,
    "errorCount" : 0,
    "errorPct" : 0.0,
    "meanResTime" : 653.0,
    "minResTime" : 653.0,
    "maxResTime" : 653.0,
    "pct1ResTime" : 653.0,
    "pct2ResTime" : 653.0,
    "pct3ResTime" : 653.0,
    "throughput" : 1.5313935681470139,
    "receivedKBytesPerSec" : 8.011401703675345,
    "sentKBytesPerSec" : 1.1949057235834608
  },
  "Login as teacher" : {
    "transaction" : "Login as teacher",
    "sampleCount" : 1,
    "errorCount" : 0,
    "errorPct" : 0.0,
    "meanResTime" : 701.0,
    "minResTime" : 701.0,
    "maxResTime" : 701.0,
    "pct1ResTime" : 701.0,
    "pct2ResTime" : 701.0,
    "pct3ResTime" : 701.0,
    "throughput" : 1.4265335235378032,
    "receivedKBytesPerSec" : 1.905759629101284,
    "sentKBytesPerSec" : 0.21593036733238233
  },
  "Create question" : {
    "transaction" : "Create question",
    "sampleCount" : 20,
    "errorCount" : 0,
    "errorPct" : 0.0,
    "meanResTime" : 326.95,
    "minResTime" : 264.0,
    "maxResTime" : 408.0,
    "pct1ResTime" : 399.40000000000003,
    "pct2ResTime" : 407.6,
    "pct3ResTime" : 408.0,
    "throughput" : 3.0497102775236353,
    "receivedKBytesPerSec" : 2.4872710334705705,
    "sentKBytesPerSec" : 3.6575675701433363
  },
  "Total" : {
    "transaction" : "Total",
    "sampleCount" : 7223,
    "errorCount" : 0,
    "errorPct" : 0.0,
    "meanResTime" : 25933.825418801087,
    "minResTime" : 264.0,
    "maxResTime" : 58019.0,
    "pct1ResTime" : 33638.0,
    "pct2ResTime" : 37012.99999999999,
    "pct3ResTime" : 42099.0,
    "throughput" : 11.11482135190574,
    "receivedKBytesPerSec" : 6.182123772126158,
    "sentKBytesPerSec" : 9.2984069570349
  },
  "Start quiz" : {
    "transaction" : "Start quiz",
    "sampleCount" : 300,
    "errorCount" : 0,
    "errorPct" : 0.0,
    "meanResTime" : 28243.46333333331,
    "minResTime" : 10898.0,
    "maxResTime" : 46838.0,
    "pct1ResTime" : 36633.90000000001,
    "pct2ResTime" : 38052.15,
    "pct3ResTime" : 42000.700000000004,
    "throughput" : 3.633148850108389,
    "receivedKBytesPerSec" : 6.13398996191249,
    "sentKBytesPerSec" : 2.8313015452993113
  },
  "Create quiz" : {
    "transaction" : "Create quiz",
    "sampleCount" : 1,
    "errorCount" : 0,
    "errorPct" : 0.0,
    "meanResTime" : 417.0,
    "minResTime" : 417.0,
    "maxResTime" : 417.0,
    "pct1ResTime" : 417.0,
    "pct2ResTime" : 417.0,
    "pct3ResTime" : 417.0,
    "throughput" : 2.398081534772182,
    "receivedKBytesPerSec" : 4.850026229016787,
    "sentKBytesPerSec" : 3.7563699040767387
  },
  "Get quizzes available" : {
    "transaction" : "Get quizzes available",
    "sampleCount" : 300,
    "errorCount" : 0,
    "errorPct" : 0.0,
    "meanResTime" : 17996.653333333346,
    "minResTime" : 878.0,
    "maxResTime" : 31876.0,
    "pct1ResTime" : 23227.0,
    "pct2ResTime" : 25517.3,
    "pct3ResTime" : 30624.670000000002,
    "throughput" : 6.311271931669963,
    "receivedKBytesPerSec" : 5.399794423465309,
    "sentKBytesPerSec" : 4.998478063070644
  },
  "Submit answer" : {
    "transaction" : "Submit answer",
    "sampleCount" : 6000,
    "errorCount" : 0,
    "errorPct" : 0.0,
    "meanResTime" : 27616.346333333284,
    "minResTime" : 1563.0,
    "maxResTime" : 58019.0,
    "pct1ResTime" : 34739.90000000001,
    "pct2ResTime" : 37272.8,
    "pct3ResTime" : 42945.829999999994,
    "throughput" : 9.603964516552432,
    "receivedKBytesPerSec" : 4.258007705580864,
    "sentKBytesPerSec" : 8.426916130978869
  },
  "Login as student" : {
    "transaction" : "Login as student",
    "sampleCount" : 300,
    "errorCount" : 0,
    "errorPct" : 0.0,
    "meanResTime" : 8984.509999999993,
    "minResTime" : 423.0,
    "maxResTime" : 21171.0,
    "pct1ResTime" : 15258.700000000006,
    "pct2ResTime" : 17058.149999999998,
    "pct3ResTime" : 19716.77,
    "throughput" : 13.663068725235687,
    "receivedKBytesPerSec" : 18.253005875119552,
    "sentKBytesPerSec" : 2.0681402855581363
  },
  "Conclude quiz" : {
    "transaction" : "Conclude quiz",
    "sampleCount" : 300,
    "errorCount" : 0,
    "errorPct" : 0.0,
    "meanResTime" : 16820.81666666668,
    "minResTime" : 414.0,
    "maxResTime" : 35716.0,
    "pct1ResTime" : 26612.90000000002,
    "pct2ResTime" : 28294.35,
    "pct3ResTime" : 32845.090000000004,
    "throughput" : 3.023553481621834,
    "receivedKBytesPerSec" : 1.6977961444653853,
    "sentKBytesPerSec" : 2.365103846463954
  }
}