{
  "Submit answer 16" : {
    "transaction" : "Submit answer 16",
    "sampleCount" : 300,
    "errorCount" : 0,
    "errorPct" : 0.0,
    "meanResTime" : 22656.000000000007,
    "minResTime" : 11168.0,
    "maxResTime" : 37256.0,
    "pct1ResTime" : 29681.90000000001,
    "pct2ResTime" : 33395.5,
    "pct3ResTime" : 37031.88,
    "throughput" : 1.7200749952697938,
    "receivedKBytesPerSec" : 0.7626113748559437,
    "sentKBytesPerSec" : 1.4597120809467292
  },
  "Submit answer 15" : {
    "transaction" : "Submit answer 15",
    "sampleCount" : 300,
    "errorCount" : 0,
    "errorPct" : 0.0,
    "meanResTime" : 22657.766666666663,
    "minResTime" : 8634.0,
    "maxResTime" : 41755.0,
    "pct1ResTime" : 30012.500000000004,
    "pct2ResTime" : 32560.449999999983,
    "pct3ResTime" : 37266.270000000004,
    "throughput" : 1.8280644453652473,
    "receivedKBytesPerSec" : 0.8104895099568576,
    "sentKBytesPerSec" : 1.5495702525166353
  },
  "Submit answer 14" : {
    "transaction" : "Submit answer 14",
    "sampleCount" : 300,
    "errorCount" : 0,
    "errorPct" : 0.0,
    "meanResTime" : 22313.993333333325,
    "minResTime" : 7938.0,
    "maxResTime" : 40891.0,
    "pct1ResTime" : 29684.100000000002,
    "pct2ResTime" : 32489.35,
    "pct3ResTime" : 37673.07,
    "throughput" : 1.9278471088719524,
    "receivedKBytesPerSec" : 0.8547290892850258,
    "sentKBytesPerSec" : 1.634151650879741
  },
  "Submit answer 13" : {
    "transaction" : "Submit answer 13",
    "sampleCount" : 300,
    "errorCount" : 0,
    "errorPct" : 0.0,
    "meanResTime" : 22251.996666666662,
    "minResTime" : 10684.0,
    "maxResTime" : 40713.0,
    "pct1ResTime" : 29139.0,
    "pct2ResTime" : 30247.149999999998,
    "pct3ResTime" : 35897.16,
    "throughput" : 1.9249401664431598,
    "receivedKBytesPerSec" : 0.8534402691066353,
    "sentKBytesPerSec" : 1.6316875629615848
  },
  "Submit answer 12" : {
    "transaction" : "Submit answer 12",
    "sampleCount" : 300,
    "errorCount" : 0,
    "errorPct" : 0.0,
    "meanResTime" : 21850.46333333333,
    "minResTime" : 7733.0,
    "maxResTime" : 39942.0,
    "pct1ResTime" : 28253.800000000025,
    "pct2ResTime" : 30213.399999999998,
    "pct3ResTime" : 33737.17,
    "throughput" : 2.0801264716894785,
    "receivedKBytesPerSec" : 0.9222435724092024,
    "sentKBytesPerSec" : 1.7632322045180346
  },
  "Submit answer 11" : {
    "transaction" : "Submit answer 11",
    "sampleCount" : 300,
    "errorCount" : 0,
    "errorPct" : 0.0,
    "meanResTime" : 22524.63,
    "minResTime" : 9510.0,
    "maxResTime" : 42527.0,
    "pct1ResTime" : 29895.600000000002,
    "pct2ResTime" : 31697.999999999985,
    "pct3ResTime" : 37405.990000000005,
    "throughput" : 2.0848970060878993,
    "receivedKBytesPerSec" : 0.9243586335585022,
    "sentKBytesPerSec" : 1.767275977816696
  },
  "Submit answer 10" : {
    "transaction" : "Submit answer 10",
    "sampleCount" : 300,
    "errorCount" : 0,
    "errorPct" : 0.0,
    "meanResTime" : 22722.873333333333,
    "minResTime" : 10944.0,
    "maxResTime" : 43766.0,
    "pct1ResTime" : 29561.1,
    "pct2ResTime" : 33011.999999999985,
    "pct3ResTime" : 39956.93,
    "throughput" : 2.0079246091240095,
    "receivedKBytesPerSec" : 0.8902321997483402,
    "sentKBytesPerSec" : 1.7020298444527737
  },
  "Get quizzes available" : {
    "transaction" : "Get quizzes available",
    "sampleCount" : 300,
    "errorCount" : 0,
    "errorPct" : 0.0,
    "meanResTime" : 14587.953333333331,
    "minResTime" : 1332.0,
    "maxResTime" : 32468.0,
    "pct1ResTime" : 19989.4,
    "pct2ResTime" : 21383.9,
    "pct3ResTime" : 29998.64000000002,
    "throughput" : 6.535520554212143,
    "receivedKBytesPerSec" : 5.130213439208767,
    "sentKBytesPerSec" : 5.176081220181688
  },
  "Login as student" : {
    "transaction" : "Login as student",
    "sampleCount" : 300,
    "errorCount" : 0,
    "errorPct" : 0.0,
    "meanResTime" : 8928.963333333339,
    "minResTime" : 391.0,
    "maxResTime" : 23161.0,
    "pct1ResTime" : 14353.300000000001,
    "pct2ResTime" : 16196.099999999999,
    "pct3ResTime" : 20454.79000000003,
    "throughput" : 12.683380543694245,
    "receivedKBytesPerSec" : 16.931817581279333,
    "sentKBytesPerSec" : 1.919847640891219
  },
  "Conclude quiz" : {
    "transaction" : "Conclude quiz",
    "sampleCount" : 300,
    "errorCount" : 0,
    "errorPct" : 0.0,
    "meanResTime" : 13176.933333333329,
    "minResTime" : 352.0,
    "maxResTime" : 35898.0,
    "pct1ResTime" : 22504.9,
    "pct2ResTime" : 25585.05,
    "pct3ResTime" : 33421.780000000006,
    "throughput" : 2.8165311602230694,
    "receivedKBytesPerSec" : 1.5815482589143213,
    "sentKBytesPerSec" : 2.2031654876354283
  },
  "Submit answer 2" : {
    "transaction" : "Submit answer 2",
    "sampleCount" : 300,
    "errorCount" : 0,
    "errorPct" : 0.0,
    "meanResTime" : 23488.646666666682,
    "minResTime" : 11576.0,
    "maxResTime" : 43303.0,
    "pct1ResTime" : 30538.3,
    "pct2ResTime" : 32052.05,
    "pct3ResTime" : 35488.92,
    "throughput" : 3.269398430688753,
    "receivedKBytesPerSec" : 1.4495184448561464,
    "sentKBytesPerSec" : 2.7649404697035744
  },
  "Submit answer 3" : {
    "transaction" : "Submit answer 3",
    "sampleCount" : 300,
    "errorCount" : 0,
    "errorPct" : 0.0,
    "meanResTime" : 23505.420000000006,
    "minResTime" : 11285.0,
    "maxResTime" : 43384.0,
    "pct1ResTime" : 30494.300000000003,
    "pct2ResTime" : 34007.399999999994,
    "pct3ResTime" : 38989.93000000001,
    "throughput" : 2.8995312424491373,
    "receivedKBytesPerSec" : 1.2855343594452229,
    "sentKBytesPerSec" : 2.4578057797322765
  },
  "Submit answer 4" : {
    "transaction" : "Submit answer 4",
    "sampleCount" : 300,
    "errorCount" : 0,
    "errorPct" : 0.0,
    "meanResTime" : 22963.573333333345,
    "minResTime" : 11299.0,
    "maxResTime" : 49143.0,
    "pct1ResTime" : 30547.600000000002,
    "pct2ResTime" : 31020.85,
    "pct3ResTime" : 37529.48000000001,
    "throughput" : 2.852226162519847,
    "receivedKBytesPerSec" : 1.2645612087734477,
    "sentKBytesPerSec" : 2.417707333073464
  },
  "Submit answer 5" : {
    "transaction" : "Submit answer 5",
    "sampleCount" : 300,
    "errorCount" : 0,
    "errorPct" : 0.0,
    "meanResTime" : 22393.369999999974,
    "minResTime" : 7661.0,
    "maxResTime" : 44821.0,
    "pct1ResTime" : 29531.800000000003,
    "pct2ResTime" : 32637.799999999992,
    "pct3ResTime" : 40672.54000000003,
    "throughput" : 2.6798395669379262,
    "receivedKBytesPerSec" : 1.1881319954978695,
    "sentKBytesPerSec" : 2.2715827579122263
  },
  "Login as teacher" : {
    "transaction" : "Login as teacher",
    "sampleCount" : 1,
    "errorCount" : 0,
    "errorPct" : 0.0,
    "meanResTime" : 764.0,
    "minResTime" : 764.0,
    "maxResTime" : 764.0,
    "pct1ResTime" : 764.0,
    "pct2ResTime" : 764.0,
    "pct3ResTime" : 764.0,
    "throughput" : 1.3089005235602096,
    "receivedKBytesPerSec" : 1.747331070026178,
    "sentKBytesPerSec" : 0.1981245909685864
  },
  "Submit answer 6" : {
    "transaction" : "Submit answer 6",
    "sampleCount" : 300,
    "errorCount" : 0,
    "errorPct" : 0.0,
    "meanResTime" : 22797.62666666667,
    "minResTime" : 10784.0,
    "maxResTime" : 41152.0,
    "pct1ResTime" : 29808.9,
    "pct2ResTime" : 33028.39999999999,
    "pct3ResTime" : 40048.28000000002,
    "throughput" : 2.4014793112557338,
    "receivedKBytesPerSec" : 1.0647183665137725,
    "sentKBytesPerSec" : 2.035628947431618
  },
  "Submit answer 7" : {
    "transaction" : "Submit answer 7",
    "sampleCount" : 300,
    "errorCount" : 0,
    "errorPct" : 0.0,
    "meanResTime" : 22298.33333333332,
    "minResTime" : 11752.0,
    "maxResTime" : 38126.0,
    "pct1ResTime" : 29943.300000000003,
    "pct2ResTime" : 30779.8,
    "pct3ResTime" : 37214.760000000024,
    "throughput" : 2.3465548663637,
    "receivedKBytesPerSec" : 1.0403670989542189,
    "sentKBytesPerSec" : 1.9867803409544222
  },