{
  "Submit answer 16" : {
    "transaction" : "Submit answer 16",
    "sampleCount" : 300,
    "errorCount" : 0,
    "errorPct" : 0.0,
    "meanResTime" : 10899.01666666668,
    "minResTime" : 7805.0,
    "maxResTime" : 13778.0,
    "pct1ResTime" : 11763.9,
    "pct2ResTime" : 12750.6,
    "pct3ResTime" : 13356.650000000001,
    "throughput" : 8.895478131949591,
    "receivedKBytesPerSec" : 3.4053002223869533,
    "sentKBytesPerSec" : 7.3578808376575235
  },
  "Submit answer 15" : {
    "transaction" : "Submit answer 15",
    "sampleCount" : 300,
    "errorCount" : 0,
    "errorPct" : 0.0,
    "meanResTime" : 10750.026666666681,
    "minResTime" : 8825.0,
    "maxResTime" : 12989.0,
    "pct1ResTime" : 11135.2,
    "pct2ResTime" : 12221.75,
    "pct3ResTime" : 12745.69,
    "throughput" : 8.997660608241857,
    "receivedKBytesPerSec" : 3.444416951592586,
    "sentKBytesPerSec" : 7.442400913262552
  },
  "Submit answer 14" : {
    "transaction" : "Submit answer 14",
    "sampleCount" : 300,
    "errorCount" : 0,
    "errorPct" : 0.0,
    "meanResTime" : 10705.193333333336,
    "minResTime" : 6731.0,
    "maxResTime" : 14226.0,
    "pct1ResTime" : 11212.100000000002,
    "pct2ResTime" : 12624.6,
    "pct3ResTime" : 13051.49,
    "throughput" : 9.42003956416617,
    "receivedKBytesPerSec" : 3.6061088956573615,
    "sentKBytesPerSec" : 7.7917710066882275
  },
  "Submit answer 13" : {
    "transaction" : "Submit answer 13",
    "sampleCount" : 300,
    "errorCount" : 0,
    "errorPct" : 0.0,
    "meanResTime" : 8114.793333333334,
    "minResTime" : 6000.0,
    "maxResTime" : 11688.0,
    "pct1ResTime" : 9309.9,
    "pct2ResTime" : 10158.6,
    "pct3ResTime" : 11035.630000000003,
    "throughput" : 11.20197154699227,
    "receivedKBytesPerSec" : 4.2882547328329785,
    "sentKBytesPerSec" : 9.265693262014114
  },
  "Submit answer 12" : {
    "transaction" : "Submit answer 12",
    "sampleCount" : 300,
    "errorCount" : 0,
    "errorPct" : 0.0,
    "meanResTime" : 7498.923333333335,
    "minResTime" : 6126.0,
    "maxResTime" : 9135.0,
    "pct1ResTime" : 7806.0,
    "pct2ResTime" : 7858.9,
    "pct3ResTime" : 8526.94,
    "throughput" : 12.808470668602169,
    "receivedKBytesPerSec" : 4.9032426778242675,
    "sentKBytesPerSec" : 10.594506500298865
  },
  "Submit answer 11" : {
    "transaction" : "Submit answer 11",
    "sampleCount" : 300,
    "errorCount" : 0,
    "errorPct" : 0.0,
    "meanResTime" : 7417.023333333338,
    "minResTime" : 5936.0,
    "maxResTime" : 9125.0,
    "pct1ResTime" : 7865.1,
    "pct2ResTime" : 7960.55,
    "pct3ResTime" : 8324.850000000002,
    "throughput" : 12.960082944530845,
    "receivedKBytesPerSec" : 4.961281752203214,
    "sentKBytesPerSec" : 10.70725602643857
  },
  "Submit answer 10" : {
    "transaction" : "Submit answer 10",
    "sampleCount" : 300,
    "errorCount" : 0,
    "errorPct" : 0.0,
    "meanResTime" : 7557.893333333332,
    "minResTime" : 6338.0,
    "maxResTime" : 10095.0,
    "pct1ResTime" : 8011.6,
    "pct2ResTime" : 8045.8,
    "pct3ResTime" : 9213.94,
    "throughput" : 12.908777969018933,
    "receivedKBytesPerSec" : 4.94164156626506,
    "sentKBytesPerSec" : 10.664869298623064
  },
  "Get quizzes available" : {
    "transaction" : "Get quizzes available",
    "sampleCount" : 300,
    "errorCount" : 0,
    "errorPct" : 0.0,
    "meanResTime" : 5543.66,
    "minResTime" : 1910.0,
    "maxResTime" : 7394.0,
    "pct1ResTime" : 6204.000000000001,
    "pct2ResTime" : 6315.0,
    "pct3ResTime" : 7171.450000000001,
    "throughput" : 25.113008538422903,
    "receivedKBytesPerSec" : 73.67136489201407,
    "sentKBytesPerSec" : 19.349769274234053
  },
  "Login as student" : {
    "transaction" : "Login as student",
    "sampleCount" : 300,
    "errorCount" : 0,
    "errorPct" : 0.0,
    "meanResTime" : 1921.609999999999,
    "minResTime" : 76.0,
    "maxResTime" : 4272.0,
    "pct1ResTime" : 3417.8,
    "pct2ResTime" : 3620.75,
    "pct3ResTime" : 3785.98,
    "throughput" : 59.11330049261083,
    "receivedKBytesPerSec" : 74.06480911330048,
    "sentKBytesPerSec" : 7.677801724137931
  },
  "Conclude quiz" : {
    "transaction" : "Conclude quiz",
    "sampleCount" : 300,
    "errorCount" : 0,
    "errorPct" : 0.0,
    "meanResTime" : 9446.376666666656,
    "minResTime" : 2616.0,
    "maxResTime" : 12564.0,
    "pct1ResTime" : 10560.500000000002,
    "pct2ResTime" : 10713.2,
    "pct3ResTime" : 11928.79,
    "throughput" : 12.2684333210649,
    "receivedKBytesPerSec" : 5.331496902220587,
    "sentKBytesPerSec" : 9.333114801864802
  },
  "Submit answer 2" : {
    "transaction" : "Submit answer 2",
    "sampleCount" : 300,
    "errorCount" : 0,
    "errorPct" : 0.0,
    "meanResTime" : 7927.216666666666,
    "minResTime" : 6148.0,
    "maxResTime" : 10293.0,
    "pct1ResTime" : 8705.300000000001,
    "pct2ResTime" : 8807.9,
    "pct3ResTime" : 10034.500000000005,
    "throughput" : 14.875049583498612,
    "receivedKBytesPerSec" : 5.694354918683063,
    "sentKBytesPerSec" : 12.274821189508133
  },
  "Submit answer 3" : {
    "transaction" : "Submit answer 3",
    "sampleCount" : 300,
    "errorCount" : 0,
    "errorPct" : 0.0,
    "meanResTime" : 7785.193333333337,
    "minResTime" : 5918.0,
    "maxResTime" : 11002.0,
    "pct1ResTime" : 8562.000000000002,
    "pct2ResTime" : 8751.7,
    "pct3ResTime" : 9530.6,
    "throughput" : 14.107688690336232,
    "receivedKBytesPerSec" : 5.4005995767693395,
    "sentKBytesPerSec" : 11.65537561721138
  },
  "Submit answer 4" : {
    "transaction" : "Submit answer 4",
    "sampleCount" : 300,
    "errorCount" : 0,
    "errorPct" : 0.0,
    "meanResTime" : 8351.82,
    "minResTime" : 5010.0,
    "maxResTime" : 10475.0,
    "pct1ResTime" : 9013.7,
    "pct2ResTime" : 9200.9,
    "pct3ResTime" : 10053.240000000002,
    "throughput" : 14.000373343289153,
    "receivedKBytesPerSec" : 5.359517920477879,
    "sentKBytesPerSec" : 11.566714695725219
  },
  "Submit answer 5" : {
    "transaction" : "Submit answer 5",
    "sampleCount" : 300,
    "errorCount" : 0,
    "errorPct" : 0.0,
    "meanResTime" : 7421.353333333338,
    "minResTime" : 5707.0,
    "maxResTime" : 9263.0,
    "pct1ResTime" : 7907.6,
    "pct2ResTime" : 7996.9,
    "pct3ResTime" : 8775.32,
    "throughput" : 13.368983957219251,
    "receivedKBytesPerSec" : 5.117814171122994,
    "sentKBytesPerSec" : 11.045078542780749
  },
  "Login as teacher" : {
    "transaction" : "Login as teacher",
    "sampleCount" : 1,
    "errorCount" : 0,
    "errorPct" : 0.0,
    "meanResTime" : 62.0,
    "minResTime" : 62.0,
    "maxResTime" : 62.0,
    "pct1ResTime" : 62.0,
    "pct2ResTime" : 62.0,
    "pct3ResTime" : 62.0,
    "throughput" : 16.129032258064516,
    "receivedKBytesPerSec" : 20.208543346774192,
    "sentKBytesPerSec" : 2.094884072580645
  },
  "Submit answer 6" : {
    "transaction" : "Submit answer 6",
    "sampleCount" : 300,
    "errorCount" : 0,
    "errorPct" : 0.0,
    "meanResTime" : 7535.779999999994,
    "minResTime" : 6091.0,
    "maxResTime" : 9139.0,
    "pct1ResTime" : 7914.9,
    "pct2ResTime" : 8002.95,
    "pct3ResTime" : 8823.180000000002,
    "throughput" : 13.013490651975882,
    "receivedKBytesPerSec" : 4.981726890209517,
    "sentKBytesPerSec" : 10.751379972237887
  },
  "Submit answer 7" : {
    "transaction" : "Submit answer 7",
    "sampleCount" : 300,
    "errorCount" : 0,
    "errorPct" : 0.0,
    "meanResTime" : 7716.686666666663,
    "minResTime" : 5951.0,
    "maxResTime" : 9345.0,
    "pct1ResTime" : 8191.6,
    "pct2ResTime" : 8275.65,
    "pct3ResTime" : 9197.73,
    "throughput" : 12.410540685889215,
    "receivedKBytesPerSec" : 4.750910106316965,
    "sentKBytesPerSec" : 10.25323966822488
  },
  "Submit answer 8" : {
    "transaction" : "Submit answer 8",
    "sampleCount" : 300,
    "errorCount" : 0,
    "errorPct" : 0.0,
    "meanResTime" : 7883.096666666666,
    "minResTime" : 5058.0,
    "maxResTime" : 9730.0,
    "pct1ResTime" : 8432.0,
    "pct2ResTime" : 8492.9,